{
  "baseline": {
    "mae": 7687.293333333334,
    "rmse": 8007.991842574101,
    "mape": 90.07128172379355
  },
  "ridge": {
    "mae": 9920.471646620306,
    "rmse": 12132.184486830387,
    "mape": 154.88141412852985
  },
  "random_forest": {
    "mae": 4894.134933333334,
    "rmse": 5820.7977043971205,
    "mape": 39.35882806192868
  },
  "best_model": "random_forest"
}